{
  "f1_score": 0.592814371257485,
  "recall_score": 0.5689655172413793,
  "precision_score": 0.61875,
  "accuracy_score": 0.5036496350364964
}